commit, age, hash, filename
1656452350,1 year, 1 month ago,e59e45bc,astro/gdpr-compliance.md
1656452350,1 year, 1 month ago,e59e45bc,software/kubectl.md
1657192238,1 year, 1 month ago,9ef0ed5f,software/configure-platform-resources.md
1657898911,1 year ago,a484984d,software/debug-install.md
1659011639,12 months ago,80f53c69,software/system-componenets.md
1662487730,11 months ago,8a7bd6f1,software/third-party-ingress-controllers.md
1662558585,11 months ago,9cbd0e48,software/logs-to-s3.md
1662571061,11 months ago,e70541fb,software/custom-image-registry.md
1664464395,10 months ago,fe1c1dac,learn/subdags.md
1664464395,10 months ago,fe1c1dac,software/support.md
1664793460,10 months ago,ea718fb4,astro/cli/astro-deployment-worker-queue-create.md
1664793460,10 months ago,ea718fb4,astro/cli/astro-deployment-worker-queue-delete.md
1664793460,10 months ago,ea718fb4,astro/cli/astro-deployment-worker-queue-update.md
1664793460,10 months ago,ea718fb4,astro/cli/astro-dev-object-import.md
1664988858,10 months ago,98bdb2fd,astro/cli/astro-config-get.md
1664988858,10 months ago,98bdb2fd,astro/cli/astro-config-set.md
1664988858,10 months ago,98bdb2fd,astro/cli/astro-context-switch.md
1664988858,10 months ago,98bdb2fd,astro/cli/astro-dev-kill.md
1664988858,10 months ago,98bdb2fd,astro/cli/astro-dev-ps.md
1664988858,10 months ago,98bdb2fd,astro/cli/astro-dev-stop.md
1664988858,10 months ago,98bdb2fd,astro/cli/astro-version.md
1665142850,10 months ago,7a1d7303,astro/cli/astro-deployment-service-account.md
1665142850,10 months ago,7a1d7303,astro/cli/astro-team.md
1665149080,10 months ago,de7f550b,astro/cli/astro-completion.md
1665149080,10 months ago,de7f550b,astro/cli/astro-deployment-airflow-upgrade.md
1665149080,10 months ago,de7f550b,astro/cli/astro-deployment-list.md
1665149080,10 months ago,de7f550b,astro/cli/astro-deployment-runtime-migrate.md
1665149080,10 months ago,de7f550b,astro/cli/astro-deployment-user.md
1665152998,10 months ago,fd1e6002,astro/cli/astro-deployment-runtime-upgrade.md
1665152998,10 months ago,fd1e6002,astro/cli/astro-dev-bash.md
1665152998,10 months ago,fd1e6002,astro/cli/astro-dev-logs.md
1665152998,10 months ago,fd1e6002,astro/cli/astro-dev-parse.md
1665152998,10 months ago,fd1e6002,astro/cli/astro-dev-restart.md
1665152998,10 months ago,fd1e6002,astro/cli/astro-user-create.md
1665493905,10 months ago,7e0aa652,astro/cli/astro-deployment-logs.md
1666100251,9 months ago,72f40b37,software/kibana-logging.md
1666100251,9 months ago,72f40b37,software/overview.md
1668102752,9 months ago,6db44fdc,astro/feature-previews.md
1669630029,8 months ago,65ffe6f6,software/log-in-to-software.md
1670534152,8 months ago,764bf692,software/deploy-git-sync.md
1670534605,8 months ago,96ba5ae0,software/deploy-cli.md
1670534605,8 months ago,96ba5ae0,software/integrate-iam.md
1670534605,8 months ago,96ba5ae0,software/manage-workspaces.md
1672760139,7 months ago,1b236b78,astro/release-notes-subscribe.md
1672843777,7 months ago,339e3944,learn/managing-airflow-code.md
1673884310,6 months ago,1d2c6068,software/environment-variables.md
1673884310,6 months ago,1d2c6068,software/grafana-metrics.md
1673884310,6 months ago,1d2c6068,software/namespace-pools.md
1673884310,6 months ago,1d2c6068,software/workspace-permissions.md
1674573836,6 months ago,0782bf39,astro/cli/astro-context-delete.md
1674573836,6 months ago,0782bf39,astro/cli/astro-deployment-delete.md
1674573836,6 months ago,0782bf39,astro/secrets-management.md
1674817641,6 months ago,e739d038,astro/cli/astro-context-list.md
1675077119,6 months ago,bedb009b,software/ci-cd.md
1675342641,6 months ago,fb2fe0d7,astro/cloud-ide/document-pipeline.md
1675343405,6 months ago,3be9826f,astro/cli/astro-logout.md
1675441581,6 months ago,15d0eedd,software/platform-alerts.md
1675443588,6 months ago,1135847c,learn/astro-python-sdk-etl.md
1676287578,5 months ago,6171ed33,software/documentation-overview.md
1676287578,5 months ago,6171ed33,software/self-signed-certificate.md
1676479554,5 months ago,ce9b6f06,software/disaster-recovery.md
1676483426,5 months ago,0add65aa,astro/cli/astro-run.md
1676556025,5 months ago,52097b25,astro/hipaa-compliance.md
1676556025,5 months ago,52097b25,learn/airflow-components.md
1676630809,5 months ago,fc874bdd,software/create-project.md
1677163392,5 months ago,1e2ec5f0,learn/bashoperator.md
1677261930,5 months ago,73a8b792,software/install-airgapped.md
1677508365,5 months ago,963128f2,learn/overview.md
1677577960,5 months ago,eb1d6c14,astro/cloud-ide/run-cells.md
1677577960,5 months ago,eb1d6c14,astro/cloud-ide/run-python.md
1677584405,5 months ago,c1885db5,learn/managing-dependencies.md
1677584405,5 months ago,c1885db5,learn/what-is-a-hook.md
1677590775,5 months ago,825fdb18,software/upgrade-astro-cli.md
1677610646,5 months ago,0d4143ce,software/renew-tls-cert.md
1677628065,5 months ago,bff31e8a,learn/custom-airflow-ui-docs-tutorial.md
1677628065,5 months ago,bff31e8a,learn/task-groups.md
1677628714,5 months ago,ef5e48ab,learn/airflow-pools.md
1677628714,5 months ago,ef5e48ab,learn/using-airflow-plugins.md
1677677224,5 months ago,8bd26ace,software/airflow-api.md
1678186234,5 months ago,8d7294eb,learn/airflow-importing-custom-hooks-operators.md
1678448321,5 months ago,249b0fea,astro/cli/astro-deployment-team.md
1678448321,5 months ago,249b0fea,astro/cli/astro-workspace-list.md
1678448321,5 months ago,249b0fea,astro/cli/astro-workspace-service-account.md
1678448321,5 months ago,249b0fea,astro/cli/astro-workspace-switch.md
1678448321,5 months ago,249b0fea,astro/cli/astro-workspace-team.md
1679311409,4 months ago,6923a65b,software/access-airflow-database.md
1679311409,4 months ago,6923a65b,software/airflow-alerts.md
1679311409,4 months ago,6923a65b,software/customize-image.md
1679311409,4 months ago,6923a65b,software/telescope.md
1679390994,4 months ago,e2f3d9ab,learn/astro-python-sdk.md
1679567240,4 months ago,c549a210,learn/airflow-sql.md
1679946280,4 months ago,1f7c468d,astro/cli/astro-organization-list.md
1679946280,4 months ago,1f7c468d,astro/cli/astro-organization-switch.md
1679946280,4 months ago,1f7c468d,astro/cli/astro-organization-user-list.md
1679946280,4 months ago,1f7c468d,astro/cli/astro-organization-user-update.md
1679946280,4 months ago,1f7c468d,astro/cli/astro-workspace-user-list.md
1679946280,4 months ago,1f7c468d,astro/cli/astro-workspace-user-remove.md
1679992647,4 months ago,ba8f858b,astro/cli/astro-login.md
1680096104,4 months ago,eb85ee11,astro/data-protection.md
1680290951,4 months ago,0acd1a5d,astro/cli/astro-organization-user-invite.md
1680642391,4 months ago,24789549,learn/airflow-azure-container-instances.md
1680642391,4 months ago,24789549,learn/airflow-azure-data-explorer.md
1680642391,4 months ago,24789549,learn/airflow-fivetran.md
1680642391,4 months ago,24789549,learn/airflow-redshift.md
1680642391,4 months ago,24789549,learn/airflow-talend-integration.md
1680642391,4 months ago,24789549,learn/execute-notebooks.md
1680642391,4 months ago,24789549,learn/soda-data-quality.md
1680643554,4 months ago,a5a77c05,software/manage-airflow-versions.md
1680643554,4 months ago,a5a77c05,software/task-usage-metrics.md
1680714220,4 months ago,84033d7e,learn/airflow-database.md
1680818387,4 months ago,9cf5c23d,learn/airflow-quickstart.md
1681201906,3 months ago,4b92045e,astro/log-in-to-astro.md
1681307815,3 months ago,01b8b0ee,astro/data-lineage.md
1681460759,3 months ago,58650f0a,learn/airflow-branch-operator.md
1681460759,3 months ago,58650f0a,learn/airflow-snowflake.md
1681460759,3 months ago,58650f0a,learn/what-is-an-operator.md
1681723686,3 months ago,7e97e17e,astro/data-lineage-concepts.md
1681724892,3 months ago,79c76ed0,astro/manage-workspaces.md
1681753438,3 months ago,5766b5e2,astro/cli/astro-workspace-user-update.md
1681815234,3 months ago,fcd99977,software/kubernetes-executor.md
1681835190,3 months ago,699d0f75,astro/manage-domains.md
1681917003,3 months ago,29ebf15c,astro/cli/astro-workspace-create.md
1681917003,3 months ago,29ebf15c,astro/cli/astro-workspace-delete.md
1681917003,3 months ago,29ebf15c,astro/cli/astro-workspace-update.md
1682424273,3 months ago,29b7f52e,astro/cloud-ide/run-sql.md
1682424299,3 months ago,bf00bad2,astro/cli/astro-dev-init.md
1682424299,3 months ago,bf00bad2,astro/test-and-troubleshoot-locally.md
1682425270,3 months ago,34251602,software/deploy-nfs.md
1682702236,3 months ago,937b03f0,software/apply-platform-config.md
1682702236,3 months ago,937b03f0,software/deployment-logs.md
1682702236,3 months ago,937b03f0,software/export-task-logs.md
1682702236,3 months ago,937b03f0,software/faq.md
1682702236,3 months ago,937b03f0,software/import-idp-groups.md
1682702236,3 months ago,937b03f0,software/install-aws-standard.md
1682702236,3 months ago,937b03f0,software/install-gcp-standard.md
1682702236,3 months ago,937b03f0,software/manage-platform-users.md
1682702236,3 months ago,937b03f0,software/role-permission-reference.md
1682863006,3 months ago,964203ad,learn/scheduling-in-airflow.md
1683015637,3 months ago,b7c9876e,learn/dags.md
1683031905,3 months ago,333beece,software/runtime-image-architecture.md
1683205578,3 months ago,c876adc5,astro/cli/overview.md
1683205578,3 months ago,c876adc5,astro/cli/reference.md
1683214541,3 months ago,66465faf,learn/cross-dag-dependencies.md
1683214541,3 months ago,66465faf,learn/logging.md
1683217894,3 months ago,4ab9b6c6,learn/airflow-passing-data-between-tasks.md
1683220140,3 months ago,39e739db,astro/cli/astro-deploy.md
1683220140,3 months ago,39e739db,astro/cli/astro-deployment-variable-create.md
1683220140,3 months ago,39e739db,astro/cli/astro-deployment-variable-list.md
1683220140,3 months ago,39e739db,astro/cli/astro-deployment-variable-update.md
1683220140,3 months ago,39e739db,astro/overview.md
1683220140,3 months ago,39e739db,learn/testing-airflow.md
1683220794,3 months ago,656fef13,astro/airflow-email-notifications.md
1683283022,3 months ago,c59372c9,software/runtime-version-lifecycle-policy.md
1683559336,3 months ago,ac584515,learn/airflow-ui.md
1684140210,2 months ago,62749c27,astro/cloud-ide/overview.md
1684161630,2 months ago,1cc111d1,astro/cloud-ide/quickstart.md
1684339799,10 weeks ago,609049b5,astro/organization-api-tokens.md
1684427215,10 weeks ago,edff3332,learn/rerunning-dags.md
1684441033,10 weeks ago,221327b9,astro/cli/astro-deployment-airflow-variable-copy.md
1684441033,10 weeks ago,221327b9,astro/cli/astro-deployment-airflow-variable-create.md
1684441033,10 weeks ago,221327b9,astro/cli/astro-deployment-airflow-variable-list.md
1684441033,10 weeks ago,221327b9,astro/cli/astro-deployment-airflow-variable-update.md
1684441033,10 weeks ago,221327b9,astro/cli/astro-deployment-connection-copy.md
1684441033,10 weeks ago,221327b9,astro/cli/astro-deployment-connection-update.md
1684441033,10 weeks ago,221327b9,astro/cli/astro-deployment-pool-copy.md
1684441033,10 weeks ago,221327b9,astro/cli/astro-deployment-pool-create.md
1684441033,10 weeks ago,221327b9,astro/cli/astro-deployment-pool-list.md
1684441033,10 weeks ago,221327b9,astro/cli/astro-deployment-pool-update.md
1684441033,10 weeks ago,221327b9,astro/cli/astro-dev-object-export.md
1684441033,10 weeks ago,221327b9,astro/cli/astro-dev-start.md
1684441033,10 weeks ago,221327b9,astro/cli/configure-cli.md
1684498968,9 weeks ago,e03136a8,astro/runtime-version-lifecycle-policy.md
1684870822,9 weeks ago,5514d4cc,astro/astro-ips.md
1684870822,9 weeks ago,5514d4cc,astro/cli/get-started-cli.md
1684870822,9 weeks ago,5514d4cc,astro/cli/install-cli.md
1684870822,9 weeks ago,5514d4cc,astro/create-hybrid-cluster.md
1684870822,9 weeks ago,5514d4cc,astro/features.md
1684870822,9 weeks ago,5514d4cc,astro/hybrid-overview.md
1684870822,9 weeks ago,5514d4cc,astro/install-aws-hybrid.md
1684870822,9 weeks ago,5514d4cc,astro/install-azure-hybrid.md
1684870822,9 weeks ago,5514d4cc,astro/install-gcp-hybrid.md
1684870822,9 weeks ago,5514d4cc,astro/view-cluster-details.md
1685093460,8 weeks ago,c41556cf,learn/airflow-kafka.md
1685526771,8 weeks ago,78760591,astro/set-up-data-lineage.md
1685526771,8 weeks ago,78760591,learn/airflow-openlineage.md
1685526771,8 weeks ago,78760591,learn/intro-to-airflow.md
1685611359,8 weeks ago,2cd2ea8f,software/install-azure-standard.md
1685630871,8 weeks ago,76690566,astro/security.md
1685695280,7 weeks ago,4d8d270d,astro/shared-responsibility-model.md
1685712897,7 weeks ago,ee758642,astro/platform-variables.md
1685961057,7 weeks ago,cd8adde9,learn/get-started-with-airflow.md
1686068615,7 weeks ago,44b2b7fd,learn/airflow-dbt.md
1686138269,7 weeks ago,7cb84bd7,astro/workspace-api-tokens.md
1686218631,7 weeks ago,5335a448,learn/kubepod-operator.md
1686227802,7 weeks ago,67893249,astro/resource-reference-gcp-hybrid.md
1686232296,7 weeks ago,5da1e033,learn/airflow-databricks.md
1686314356,6 weeks ago,b6048a92,astro/cloud-ide/security.md
1686567360,6 weeks ago,16ac20bf,software/ac-cve.md
1686567360,6 weeks ago,16ac20bf,software/ac-support-policy.md
1686567360,6 weeks ago,16ac20bf,software/install-packages.md
1686567360,6 weeks ago,16ac20bf,software/single-node-install.md
1686585581,6 weeks ago,778f8000,software/cluster-resource-provisioning.md
1686585581,6 weeks ago,778f8000,software/integrate-auth-system.md
1686585890,6 weeks ago,7619dac6,software/configure-deployment.md
1686684261,6 weeks ago,51f7e9a5,astro/cloud-ide/custom-cell-reference.md
1686684261,6 weeks ago,51f7e9a5,astro/cloud-ide/use-airflow-operators.md
1686817894,6 weeks ago,0ee3eed4,astro/manage-billing.md
1686817894,6 weeks ago,0ee3eed4,astro/trial.md
1686843027,6 weeks ago,7344a2d9,learn/deferrable-operators.md
1686920146,5 weeks ago,3a20173f,software/release-lifecycle-policy.md
1686953550,5 weeks ago,a071706e,learn/airflow-mlflow.md
1687165753,5 weeks ago,453d8b2c,learn/airflow-azure-data-factory-integration.md
1687171459,5 weeks ago,84c8ed56,astro/cloud-ide/configure-project-environment.md
1687182126,5 weeks ago,39cf0c31,astro/audit-logs-reference.md
1687265127,5 weeks ago,e4b2ffac,software/documentation-archive.md
1687265127,5 weeks ago,e4b2ffac,software/migrate-to-runtime.md
1687266793,5 weeks ago,e1d58691,astro/celery-executor.md
1687266793,5 weeks ago,e1d58691,astro/configure-worker-queues.md
1687266793,5 weeks ago,e1d58691,astro/environment-variables.md
1687266793,5 weeks ago,e1d58691,astro/executors-overview.md
1687266793,5 weeks ago,e1d58691,astro/kubernetes-executor.md
1687266793,5 weeks ago,e1d58691,astro/manage-hybrid-clusters.md
1687272590,5 weeks ago,7b347801,astro/ci-cd-templates/aws-codebuild.md
1687272590,5 weeks ago,7b347801,astro/ci-cd-templates/aws-s3.md
1687272590,5 weeks ago,7b347801,astro/ci-cd-templates/azure-devops.md
1687272590,5 weeks ago,7b347801,astro/ci-cd-templates/bitbucket.md
1687272590,5 weeks ago,7b347801,astro/ci-cd-templates/drone.md
1687272590,5 weeks ago,7b347801,astro/ci-cd-templates/gcs.md
1687272590,5 weeks ago,7b347801,astro/ci-cd-templates/gitlab.md
1687272590,5 weeks ago,7b347801,astro/ci-cd-templates/jenkins.md
1687272590,5 weeks ago,7b347801,astro/ci-cd-templates/template-overview.md
1687272590,5 weeks ago,7b347801,astro/cloud-ide/deploy-project.md
1687273722,5 weeks ago,a091ff82,software/version-compatibility-reference.md
1687278784,5 weeks ago,af8db554,astro/deployment-metrics.md
1687278784,5 weeks ago,af8db554,astro/organization-metrics.md
1687287422,5 weeks ago,799e0115,astro/dag-metrics.md
1687289408,5 weeks ago,b34ba4eb,learn/connections.md
1687290014,5 weeks ago,1e80aec3,learn/dynamic-tasks.md
1687356324,5 weeks ago,e5cd3c1c,astro/upgrade-runtime.md
1687356324,5 weeks ago,e5cd3c1c,learn/marquez.md
1687364110,5 weeks ago,296973ec,astro/cli/astro-deployment-update.md
1687364110,5 weeks ago,296973ec,astro/cli/astro-organization-team-create.md
1687364110,5 weeks ago,296973ec,astro/cli/astro-organization-team-delete.md
1687364110,5 weeks ago,296973ec,astro/cli/astro-organization-team-list.md
1687364110,5 weeks ago,296973ec,astro/cli/astro-organization-team-update.md
1687364110,5 weeks ago,296973ec,astro/cli/astro-organization-team-user.md
1687364110,5 weeks ago,296973ec,astro/cli/astro-workspace-team-add.md
1687364110,5 weeks ago,296973ec,astro/cli/astro-workspace-team-list.md
1687364110,5 weeks ago,296973ec,astro/cli/astro-workspace-team-remove.md
1687364110,5 weeks ago,296973ec,astro/cli/astro-workspace-team-update.md
1687364110,5 weeks ago,296973ec,astro/cli/astro-workspace-token-add.md
1687364110,5 weeks ago,296973ec,astro/cli/astro-workspace-token-delete.md
1687364110,5 weeks ago,296973ec,astro/cli/astro-workspace-token-list.md
1687364110,5 weeks ago,296973ec,astro/cli/astro-workspace-user-add.md
1687364110,5 weeks ago,296973ec,astro/manage-deployments-as-code.md
1687450236,5 weeks ago,9775671d,software/kubepodoperator.md
1687511827,4 weeks ago,99308a8f,astro/connect-aws.md
1687513242,4 weeks ago,0507c651,astro/cli/astro-deployment-create.md
1687513242,4 weeks ago,0507c651,astro/cli/astro-deployment-inspect.md
1687541542,4 weeks ago,190591af,software/release-notes.md
1687793905,4 weeks ago,e0987851,software/upgrade-to-airflow-2.md
1687795261,4 weeks ago,a28f7be1,astro/ci-cd-templates/circleci.md
1687875998,4 weeks ago,af4d4f63,software/secrets-backend.md
1687876016,4 weeks ago,5272e93f,software/houston-api.md
1687876800,4 weeks ago,5705873b,software/image-architecture.md
1687877747,4 weeks ago,99ceb039,learn/debugging-dags.md
1687945695,4 weeks ago,a13d700d,software/upgrade-ac.md
1687955248,4 weeks ago,df3ed492,software/registry-backend.md
1687960092,4 weeks ago,0a578536,astro/audit-logs.md
1688026975,4 weeks ago,360b1374,astro/create-dedicated-cluster.md
1688029960,4 weeks ago,9880065c,astro/cli/astro-deployment-connection-create.md
1688030598,4 weeks ago,ea4df7b2,learn/airflow-duckdb.md
1688046516,4 weeks ago,8121b2f7,astro/ci-cd-templates/github-actions.md
1688103145,3 weeks ago,2d6dcf8f,astro/astro-glossary.md
1688103145,3 weeks ago,2d6dcf8f,learn/airflow-glossary.md
1688103324,3 weeks ago,720c4319,astro/cli/astro-dev-run.md
1688381588,3 weeks ago,8115d6d5,astro/create-first-dag.md
1688459388,3 weeks ago,e00655fe,learn/vscode-local-dev.md
1688500532,3 weeks ago,6050fa65,astro/add-user.md
1688500532,3 weeks ago,6050fa65,astro/configure-idp.md
1688500532,3 weeks ago,6050fa65,astro/manage-teams.md
1688500823,3 weeks ago,6e26dc8f,astro/resource-reference-azure-hybrid.md
1688550648,3 weeks ago,458cc219,astro/cli/astro-deployment-connection-list.md
1688568631,3 weeks ago,61f36acb,learn/airflow-executors-explained.md
1688591229,3 weeks ago,6490bc18,learn/error-notifications-in-airflow.md
1688633028,3 weeks ago,28f2f658,software/upgrade-astronomer.md
1688635806,3 weeks ago,54cfe0a3,astro/cli/astro-dev-pytest.md
1688648931,3 weeks ago,7a4f5cf9,learn/airflow-sql-data-quality.md
1688659678,3 weeks ago,b0fe2fda,astro/cli/astro-organization-token-create.md
1688659678,3 weeks ago,b0fe2fda,astro/cli/astro-organization-token-delete.md
1688659678,3 weeks ago,b0fe2fda,astro/cli/astro-organization-token-list.md
1688659678,3 weeks ago,b0fe2fda,astro/cli/astro-organization-token-roles.md
1688659678,3 weeks ago,b0fe2fda,astro/cli/astro-organization-token-rotate.md
1688659678,3 weeks ago,b0fe2fda,astro/cli/astro-organization-token-update.md
1688659678,3 weeks ago,b0fe2fda,astro/cli/astro-workspace-token-create.md
1688659678,3 weeks ago,b0fe2fda,astro/cli/astro-workspace-token-rotate.md
1688659678,3 weeks ago,b0fe2fda,astro/cli/astro-workspace-token-update.md
1688742830,2 weeks ago,ba159d5e,learn/airflow-dbt-cloud.md
1688742830,2 weeks ago,ba159d5e,learn/airflow-weights-and-biases.md
1688755844,2 weeks ago,962c6e4e,learn/airflow-great-expectations.md
1688760674,2 weeks ago,e586d0aa,learn/airflow-context.md
1688760674,2 weeks ago,e586d0aa,learn/airflow-datasets.md
1688760674,2 weeks ago,e586d0aa,learn/airflow-mongodb.md
1688760674,2 weeks ago,e586d0aa,learn/airflow-params.md
1688760674,2 weeks ago,e586d0aa,learn/airflow-sagemaker.md
1688760674,2 weeks ago,e586d0aa,learn/airflow-scaling-workers.md
1688760674,2 weeks ago,e586d0aa,learn/dag-best-practices.md
1688760674,2 weeks ago,e586d0aa,learn/dynamically-generating-dags.md
1688760674,2 weeks ago,e586d0aa,learn/external-python-operator.md
1688760674,2 weeks ago,e586d0aa,learn/templating.md
1688760674,2 weeks ago,e586d0aa,learn/what-is-a-sensor.md
1688763292,2 weeks ago,45760cce,learn/cloud-ide-tutorial.md
1688763292,2 weeks ago,45760cce,learn/custom-xcom-backends-tutorial.md
1688763292,2 weeks ago,45760cce,learn/operator-extra-link-tutorial.md
1688763292,2 weeks ago,45760cce,learn/use-case-airflow-databricks.md
1688763292,2 weeks ago,45760cce,learn/use-case-airflow-dbt.md
1688982658,2 weeks ago,f093d0cb,astro/cli/astro-registry-dag-add.md
1688982658,2 weeks ago,f093d0cb,astro/cli/astro-registry-provider-add.md
1688982733,2 weeks ago,3fb6861d,astro/develop-project.md
1688992319,2 weeks ago,c7dc92fa,astro/kubernetespodoperator.md
1688996057,2 weeks ago,5a3b5b39,astro/deploy-code.md
1688996057,2 weeks ago,5a3b5b39,astro/deploy-project-image.md
1688996057,2 weeks ago,5a3b5b39,astro/set-up-ci-cd.md
1688999296,2 weeks ago,be53fabd,astro/astro-support.md
1689000938,2 weeks ago,534ff9d2,astro/manage-connections-variables.md
1689065609,13 days ago,5e6921b4,astro/view-logs.md
1689067568,13 days ago,1b9d2ff5,learn/airflow-variables.md
1689158370,12 days ago,6c7c52ce,astro/alerts.md
1689180723,12 days ago,bd9f64ac,astro/cli/release-notes.md
1689195503,12 days ago,233fa989,learn/pycharm-local-dev.md
1689239569,11 days ago,fa7dca89,astro/disaster-recovery.md
1689239569,11 days ago,fa7dca89,astro/resilience.md
1689253309,11 days ago,e0e3a035,astro/import-export-connections-variables.md
1689265970,11 days ago,eee89349,learn/data-quality.md
1689326753,10 days ago,4ecfef87,astro/manage-dags.md
1689337764,10 days ago,9dc268c9,astro/astro-architecture.md
1689342639,10 days ago,29303ca5,astro/connect-gcp.md
1689342639,10 days ago,29303ca5,astro/secrets-backend.md
1689585576,7 days ago,47dd680a,astro/deploy-dags.md
1689608851,7 days ago,422c05ef,astro/set-up-scim-provisioning.md
1689663652,6 days ago,bfb71db7,astro/connect-azure.md
1689668507,6 days ago,8dda317a,astro/airflow-api.md
1689668507,6 days ago,8dda317a,astro/api-keys.md
1689674036,6 days ago,4e752bad,astro/cli/authenticate-to-clouds.md
1689756648,5 days ago,2400d791,learn/connections/azure-data-factory.md
1689756648,5 days ago,2400d791,learn/connections/bigquery.md
1689762682,5 days ago,659690b1,learn/connections/databricks.md
1689843353,4 days ago,df82ed56,astro/resource-reference-aws-hybrid.md
1689843353,4 days ago,df82ed56,astro/resource-reference-hosted.md
1689843353,4 days ago,df82ed56,astro/user-permissions.md
1689845475,4 days ago,1c11e1be,astro/configure-deployment-resources.md
1689853263,4 days ago,4d1addf9,learn/airflow-decorators.md
1689861586,4 days ago,c0ea032c,learn/example-ms-teams-callback.md
1689926782,3 days ago,fcbf2cd2,astro/create-deployment.md
1689932104,3 days ago,0976a9c3,astro/release-notes.md
1689932104,3 days ago,0976a9c3,astro/runtime-release-notes.md
1689936674,3 days ago,825bffb8,learn/get-started-with-airflow-part-2.md
1689952330,3 days ago,d9cbcdc3,astro/runtime-image-architecture.md
